Sequences,RRM_SN_grbp5,RRM_Corr_grbp5,PAM30_grbp5,BLOSUM45_grbp5,sseq_matches_grbp5,sseq_match_score_grbp5,num_matches_grbp5,num_match_score_grbp5,RRM_SN_m6,RRM_Corr_m6,PAM30_m6,BLOSUM45_m6,sseq_matches_m6,sseq_match_score_m6,num_matches_m6,num_match_score_m6,RRM_avg,num_score_avg,weighted_SN_num,sseq_score_avg,weighted_SN_sseq
IGVRKSARKWNN,3.9643732569500365,0.7966791315237002,0.7572815533980584,0.6304347826086956,"[('I', 0), ('V', 2), ('S', 5)]",6,"[('1', 0), ('1', 2), ('2', 5), ('2', 10)]",8,3.4386167986056866,0.4983623346503017,0.7572815533980584,0.6304347826086956,"[('I', 0), ('V', 2), ('S', 5)]",6,"[('1', 0), ('1', 2), ('2', 5)]",6,3.7014950277778613,7.0,25.91046519444503,6.0,22.208970166667168
LDLTPGSHVDSY,3.737484646877938,0.5388789560234213,0.9320388349514565,0.9565217391304347,"[('T', 3), ('S', 6), ('SY', 10)]",7,"[('1', 0), ('20', 10)]",5,1.9401406448554996,0.8235288995795965,0.9320388349514565,0.9565217391304347,"[('T', 3), ('S', 6), ('D', 9), ('Y', 11)]",8,"[('1', 0), ('12', 2), ('5', 9), ('0', 11)]",9,2.838812645866719,7.0,19.871688521067036,7.5,21.291094844000394
LTLTPGSHVDSY,3.6612996255277976,0.5653691701996555,1.0,1.0,"[('T', 3), ('S', 6), ('SY', 10)]",7,"[('1', 0), ('20', 10)]",5,1.7621098413241925,0.853532123037908,1.0,1.0,"[('T', 3), ('S', 6), ('D', 9), ('Y', 11)]",8,"[('1', 0), ('12', 2), ('5', 9), ('0', 11)]",9,2.711704733425995,7.0,18.981933133981965,7.5,20.337785500694963
FDRISNSAFSDF,4.290469373065538,0.7470873209357538,0.825242718446602,0.717391304347826,"[('S', 6), ('S', 9)]",4,"[('22', 5), ('02', 8)]",6,3.49429975994587,0.48189375260402034,0.825242718446602,0.717391304347826,"[('SA', 6), ('D', 10)]",5,"[('2210', 5), ('50', 10)]",8,3.8923845665057044,7.0,27.24669196553993,4.5,17.51573054927567
FDRISSSAFSDF,4.835410960463124,0.5205558637114787,0.8834951456310681,0.7826086956521738,"[('SS', 5)]",3,"[('22', 5), ('02', 8)]",6,2.398641048540137,0.21478174537207978,0.8834951456310681,0.7826086956521738,"[('SSA', 5), ('D', 10)]",6,"[('2210', 5), ('50', 10)]",8,3.6170260045016303,7.0,25.31918203151141,4.5,16.276617020257337
SGDTSSQAKGMW,3.6353709793420013,0.8338481602696795,0.5825242718446603,0.5434782608695652,"[('T', 3), ('S', 5)]",4,"[('2', 3), ('22', 5), ('0', 11)]",7,2.7674157609153496,0.7142299585805205,0.5825242718446603,0.5434782608695652,"[('T', 3), ('S', 5), ('A', 7)]",6,"[('2', 3), ('221', 5), ('0', 11)]",8,3.2013933701286756,7.5,24.010450275965066,5.0,16.00696685064338
QLSEDASKVITY,4.312190671490123,0.7273413254358921,0.8155339805825244,0.7391304347826086,"[('S', 6), ('Y', 11)]",4,"[('1', 1), ('5', 4), ('2', 6), ('20', 10)]",9,3.673904521769156,0.8220077149680541,0.8155339805825244,0.7391304347826086,"[('S', 6), ('Y', 11)]",4,"[('1', 1), ('2', 6), ('0', 11)]",6,3.9930475966296397,7.5,29.9478569747223,4.0,15.972190386518559
YDRISNSAFSDF,4.116755702909698,0.6584186482359843,0.7864077669902914,0.6956521739130435,"[('S', 6), ('S', 9)]",4,"[('22', 5), ('02', 8)]",6,2.9028797282910577,0.3396809715882915,0.7864077669902914,0.6956521739130435,"[('SA', 6), ('D', 10)]",5,"[('2210', 5), ('50', 10)]",8,3.509817715600378,7.0,24.568724009202647,4.5,15.7941797202017
YDRISGSAFSDF,4.125806287602751,0.6559799163170412,0.766990291262136,0.6739130434782608,"[('S', 6), ('S', 9)]",4,"[('2', 6), ('02', 8)]",5,2.8817836385812985,0.33566276004419526,0.766990291262136,0.6739130434782608,"[('SA', 6), ('D', 10)]",5,"[('210', 6), ('50', 10)]",7,3.503794963092025,6.0,21.02276977855215,4.5,15.767077333914113
IFLPGSVILRAL,5.073675546565263,0.6382734198193645,0.7087378640776699,0.5652173913043478,"[('I', 0), ('S', 5)]",4,"[('1', 0), ('1', 2), ('2', 5)]",6,2.724680915699252,0.9380457814716414,0.7087378640776699,0.5652173913043478,"[('I', 0), ('S', 5)]",4,"[('1', 0), ('1', 2), ('2', 5), ('1', 7)]",8,3.8991782311322574,7.0,27.2942476179258,4.0,15.59671292452903
YDRISSSAFSDF,4.511517005578552,0.36615172542450053,0.8446601941747574,0.7608695652173912,"[('SS', 5)]",3,"[('22', 5), ('02', 8)]",6,2.4164891047022445,0.005625590634129399,0.8446601941747574,0.7608695652173912,"[('SSA', 5), ('D', 10)]",6,"[('2210', 5), ('50', 10)]",8,3.4640030551403984,7.0,24.24802138598279,4.5,15.588013748131793
FDVLLGGSPDEY,3.592493219923239,0.4526046111660654,0.6019417475728156,0.608695652173913,"[('V', 2), ('Y', 11)]",4,"[('1', 2), ('0', 11)]",4,2.464254638971401,0.5836329497454696,0.6019417475728156,0.608695652173913,"[('V', 2), ('D', 9), ('Y', 11)]",6,"[('1', 2), ('1', 4), ('550', 9)]",8,3.02837392944732,6.0,18.170243576683923,5.0,15.1418696472366
PWVEEEEAAYGW,4.428150044912735,0.6511449233360812,0.5631067961165049,0.5869565217391304,"[('V', 2), ('E', 4)]",4,"[('1', 2), ('5', 4), ('0', 11)]",6,3.109733116141542,0.7098554224529593,0.5631067961165049,0.5869565217391304,"[('V', 2), ('A', 7)]",4,"[('1', 2), ('1', 7), ('0', 11)]",6,3.7689415805271387,6.0,22.61364948316283,4.0,15.075766322108555
GGGGEGEQFDDY,4.193742381930442,0.38754153133267943,0.7475728155339806,0.6521739130434782,"[('E', 4), ('Y', 11)]",4,"[('5', 4), ('0', 8), ('0', 11)]",6,3.2874687169104706,0.3884609862299662,0.7475728155339806,0.6521739130434782,"[('DDY', 9)]",4,"[('0550', 8)]",5,3.740605549420456,5.5,20.573330521812508,4.0,14.962422197681825
NTPGHAVSYHVY,4.5796473409613565,0.82320812690392,0.7281553398058253,0.6304347826086956,"[('Y', 8), ('Y', 11)]",4,"[('0', 8), ('0', 11)]",4,2.786666289143343,0.6070884211546166,0.7281553398058253,0.6304347826086956,"[('Y', 8), ('Y', 11)]",4,"[('0', 8), ('0', 11)]",4,3.6831568150523495,4.0,14.732627260209398,4.0,14.732627260209398
KYVSKQKFYSWG,3.3170045631491445,0.9341626120029864,0.6019417475728156,0.6739130434782608,"[('V', 2), ('YS', 8)]",5,"[('12', 2), ('02', 8)]",6,3.1195939156995647,0.6854182546778996,0.6019417475728156,0.6739130434782608,"[('V', 2), ('Y', 8)]",4,"[('12', 2), ('0', 8)]",5,3.2182992394243546,5.5,17.70064581683395,4.5,14.482346577409595
RMEEEEEAYGWM,2.6522535424354157,0.20486001447470373,0.8349514563106797,0.6956521739130435,"[('M', 1), ('E', 4), ('Y', 8)]",6,"[('1', 1), ('5', 4), ('0', 8)]",6,2.5410044951926123,0.28098940929435307,0.8349514563106797,0.6956521739130435,"[('M', 1), ('AY', 7)]",5,"[('1', 1), ('10', 7)]",5,2.596629018814014,5.5,14.281459603477076,5.5,14.281459603477076
PMEEEEEAYGWM,3.4387149480708588,0.22308426376284046,0.8058252427184467,0.6956521739130435,"[('M', 1), ('E', 4), ('Y', 8)]",6,"[('1', 1), ('5', 4), ('0', 8)]",6,1.677283459994543,0.17875777503380122,0.8058252427184467,0.6956521739130435,"[('M', 1), ('AY', 7)]",5,"[('1', 1), ('10', 7)]",5,2.5579992040327006,5.5,14.068995622179854,5.5,14.068995622179854
SPETLISDLLLR,4.334536127523857,0.4532492613009094,0.5242718446601943,0.5217391304347826,"[('T', 3), ('SD', 6)]",5,"[('2', 3), ('25', 6)]",5,1.8410201271146263,0.11358885484463192,0.5242718446601943,0.5217391304347826,"[('T', 3), ('S', 6)]",4,"[('21', 3)]",3,3.0877781273192415,4.0,12.351112509276966,4.5,13.895001572936586
RSSEDLSAPEDR,3.668843447753692,0.6563313962459361,0.4563106796116505,0.3695652173913043,"[('S', 6)]",2,"[('5', 4), ('2', 6)]",4,4.19331018347468,0.6391565150594182,0.4563106796116505,0.3695652173913043,"[('SA', 6), ('D', 10)]",5,"[('21', 6), ('55', 9)]",6,3.931076815614186,5.0,19.65538407807093,3.5,13.75876885464965
NSKVAFSAVRST,3.509424526316749,0.45492158032317626,0.6407766990291263,0.4347826086956521,"[('S', 6), ('S', 10)]",4,"[('2', 6), ('2', 10)]",4,2.568367849606614,0.654742311277765,0.6407766990291263,0.4347826086956521,"[('A', 4), ('SA', 6)]",5,"[('1', 4), ('21', 6)]",5,3.038896187961681,4.5,13.675032845827566,4.5,13.675032845827566
AKVAFSATRSTN,2.8827851193829384,0.552484886369837,0.7864077669902914,0.6739130434782608,"[('V', 2), ('S', 5), ('S', 9)]",6,"[('1', 0), ('1', 2), ('2', 5), ('22', 9)]",9,2.559581142317816,0.04401037713064428,0.7864077669902914,0.6739130434782608,"[('V', 2), ('S', 5)]",4,"[('1', 0), ('1', 2), ('2', 5)]",6,2.721183130850377,7.5,20.408873481377828,5.0,13.605915654251886
PLGFLSQDHSVN,3.665701405009934,0.8478663611725633,0.7281553398058253,0.6521739130434782,"[('S', 5), ('D', 7), ('S', 9)]",6,"[('1', 1), ('225', 5)]",6,3.1003834353762643,0.5698893929938416,0.7281553398058253,0.6521739130434782,"[('S', 5)]",2,"[('1', 1), ('122', 4)]",6,3.383042420193099,6.0,20.298254521158594,4.0,13.532169680772396
SKVAFSAVRSTN,2.910725126499978,0.5408359425721376,0.7378640776699029,0.608695652173913,"[('V', 2), ('S', 5), ('S', 9)]",6,"[('1', 2), ('2', 5), ('22', 9)]",7,2.304291740956985,0.7306921141384146,0.7378640776699029,0.608695652173913,"[('V', 2), ('S', 5)]",4,"[('1', 2), ('2', 5), ('1', 7)]",6,2.6075084337284817,6.5,16.948804819235132,5.0,13.037542168642409
GALARSGGLMGY,3.816214025504022,0.6108203086517626,0.6990291262135923,0.6739130434782608,"[('S', 5), ('Y', 11)]",4,"[('11', 1), ('2', 5), ('0', 11)]",7,2.66930399665503,0.6617902222834464,0.6990291262135923,0.6739130434782608,"[('S', 5), ('Y', 11)]",4,"[('11', 1), ('2', 5), ('0', 11)]",7,3.242759011079526,7.0,22.69931307755668,4.0,12.971036044318105
EADQDLSPSISI,4.915999773639266,0.9134461860190121,0.5631067961165049,0.4565217391304347,"[('S', 6), ('S', 10)]",4,"[('1', 1), ('25', 3)]",5,3.6190691668189747,0.8016907344871667,0.5631067961165049,0.4565217391304347,"[('S', 6)]",2,"[('1', 1), ('2', 3), ('2', 6)]",6,4.26753447022912,5.5,23.47143958626016,3.0,12.802603410687361
IIPLVSGLLSHL,3.3085992935892117,0.45845824761642057,0.6699029126213593,0.608695652173913,"[('I', 0), ('S', 5), ('S', 9)]",6,"[('11', 0), ('2', 5), ('2', 9)]",7,1.7434094186507567,0.7483624532705965,0.6699029126213593,0.608695652173913,"[('I', 0), ('S', 5)]",4,"[('12', 4)]",3,2.526004356119984,5.0,12.63002178059992,5.0,12.63002178059992
IDGIFTDSYSRY,2.4489327770395506,0.5309072084062765,0.9126213592233011,0.8478260869565217,"[('I', 0), ('YS', 8)]",5,"[('1', 0), ('2', 5), ('02', 8)]",7,2.142240155510855,0.37323246715085096,0.9126213592233011,0.8478260869565217,"[('I', 0), ('Y', 8), ('Y', 11)]",6,"[('1', 0), ('2', 5), ('0', 8), ('0', 11)]",8,2.2955864662752026,7.5,17.21689849706402,5.5,12.625725564513614
WMEEEEAAYGWM,2.202338207353336,0.05057640172955621,0.7864077669902914,0.717391304347826,"[('M', 1), ('E', 4), ('Y', 8)]",6,"[('1', 1), ('5', 4), ('0', 8)]",6,2.3614005708747845,0.16726160943233426,0.7864077669902914,0.717391304347826,"[('M', 1), ('AY', 7)]",5,"[('1', 1), ('10', 7)]",5,2.2818693891140605,5.5,12.550281640127332,5.5,12.550281640127332
SGSGESSGMWFG,4.096398806257972,0.4708899950166274,0.5533980582524273,0.4565217391304347,"[('ESS', 4)]",4,"[('522', 4)]",4,3.074094938082201,0.2699945382946262,0.5533980582524273,0.4565217391304347,"[('SS', 5)]",3,"[('22', 5)]",3,3.5852468721700865,3.5,12.548364052595304,3.5,12.548364052595304
IAGAEDVGLQPR,4.967500698711922,0.759369308652913,0.6893203883495146,0.5434782608695652,"[('I', 0), ('E', 4)]",4,"[('11', 0), ('5', 4), ('2', 9)]",7,3.368266044410627,0.9363439511149885,0.6893203883495146,0.5434782608695652,"[('I', 0)]",2,"[('11', 0)]",3,4.167883371561275,5.0,20.839416857806373,3.0,12.503650114683825
DRVAELDQLLHY,1.8421412725349995,0.012323851498992873,0.7864077669902914,0.717391304347826,"[('V', 2), ('E', 4), ('Y', 11)]",6,"[('1', 2), ('5', 4), ('0', 11)]",6,3.139184535683385,0.25057944921217523,0.7864077669902914,0.717391304347826,"[('V', 2), ('Y', 11)]",4,"[('1', 2), ('0', 11)]",4,2.4906629041091923,5.0,12.453314520545963,5.0,12.453314520545963
GGTGANSAMWFG,3.9589574637224647,0.72642486964069,0.38834951456310685,0.23913043478260865,"[('S', 6)]",2,"[('22', 5)]",3,3.1022815553937986,0.5202414418141716,0.38834951456310685,0.23913043478260865,"[('A', 4), ('SA', 6)]",5,"[('1221', 4)]",5,3.5306195095581314,4.0,14.122478038232526,3.5,12.35716828345346
PSVPLRPEEDEL,5.187347194227394,0.6408867551456398,0.5631067961165049,0.4347826086956521,"[('V', 2)]",2,"[('1', 2), ('5', 7)]",4,3.0464396689263786,0.9318288751131587,0.5631067961165049,0.4347826086956521,"[('V', 2), ('D', 9)]",4,"[('1', 2), ('1', 4), ('55', 9)]",7,4.116893431576886,5.5,22.642913873672875,3.0,12.350680294730658
ILKSQSLIPFPR,3.7479504107716775,0.3010807799377634,0.6213592233009709,0.5434782608695652,"[('I', 0), ('S', 5)]",4,"[('11', 0), ('2', 3), ('2', 5)]",7,2.3636321945600693,0.5189107694632245,0.6213592233009709,0.5434782608695652,"[('I', 0), ('S', 5)]",4,"[('11', 0), ('2', 3), ('2', 5)]",7,3.0557913026658734,7.0,21.390539118661113,4.0,12.223165210663494
AGQDLSPSISIV,4.86196452381968,0.6222014056098711,0.5339805825242719,0.4347826086956521,"[('S', 5), ('S', 9)]",4,"[('1', 0), ('2', 5), ('2', 9)]",6,3.2324882123966012,0.7510851215331551,0.5339805825242719,0.4347826086956521,"[('S', 5)]",2,"[('1', 0), ('12', 4)]",5,4.047226368108141,5.5,22.259745024594775,3.0,12.141679104324421
IGFDDPRLFSSS,4.129882039044518,0.5401599116665414,0.796116504854369,0.6739130434782608,"[('I', 0), ('SS', 9)]",5,"[('1', 0), ('5', 4), ('022', 8)]",8,2.752603119041107,0.3800472181611778,0.796116504854369,0.6739130434782608,"[('I', 0)]",2,"[('1', 0), ('10', 7)]",5,3.4412425790428127,6.5,22.368076763778284,3.5,12.044349026649844
QHGTAPECFWKY,2.2560830362691315,0.1762831223336699,0.6601941747572816,0.5652173913043478,"[('T', 3), ('Y', 11)]",4,"[('2', 3), ('0', 8), ('0', 11)]",6,3.0489216464189335,0.1287958810926278,0.6601941747572816,0.5652173913043478,"[('TA', 3), ('Y', 11)]",5,"[('21', 3), ('0', 8), ('0', 11)]",7,2.6525023413440323,6.5,17.24126521873621,4.5,11.936260536048145
KAVRSPSLRLRF,3.848048704022801,0.40905765511089387,0.6019417475728156,0.49999999999999994,"[('V', 2), ('S', 6)]",4,"[('11', 1), ('2', 6), ('0', 11)]",7,2.0680205684508284,0.6667983025320333,0.6019417475728156,0.49999999999999994,"[('V', 2), ('S', 6)]",4,"[('11', 1), ('21', 6), ('0', 11)]",8,2.958034636236815,7.5,22.18525977177611,4.0,11.83213854494726
IGDEENSAKFPI,2.209218670604677,0.3328729219017898,0.7475728155339806,0.5652173913043478,"[('I', 0), ('E', 4), ('S', 6)]",6,"[('1', 0), ('522', 4)]",6,2.0645834546478343,0.008131468070153011,0.7475728155339806,0.5652173913043478,"[('I', 0), ('SA', 6)]",5,"[('1', 0), ('221', 5)]",6,2.1369010626262557,6.0,12.821406375757533,5.5,11.752955844444406
FSGLMSEGSSLE,5.107501561608252,0.6356711443863966,0.5728155339805826,0.4565217391304347,"[('S', 5), ('S', 9)]",4,"[('2', 5), ('2', 9)]",4,2.645577267019276,0.7610861076734231,0.5728155339805826,0.4565217391304347,"[('S', 5)]",2,"[('12', 4)]",3,3.876539414313764,3.5,13.567887950098173,3.0,11.62961824294129
SKDQLSEDASKV,3.488369939463195,0.44163758580608947,0.6699029126213593,0.608695652173913,"[('S', 5), ('D', 7), ('S', 9)]",6,"[('2', 3), ('2', 5), ('5', 7), ('2', 9)]",8,2.30350237971254,0.7456330758079702,0.6699029126213593,0.608695652173913,"[('S', 5)]",2,"[('212', 3)]",4,2.895936159587867,6.0,17.375616957527203,4.0,11.583744638351469
VVNTPGHAVSYH,3.692689992624134,0.5209358309567382,0.7378640776699029,0.6956521739130435,"[('T', 3), ('S', 9)]",4,"[('11', 0), ('2', 3), ('2', 9)]",7,2.097685623165224,0.5954549190875302,0.7378640776699029,0.6956521739130435,"[('T', 3), ('A', 7)]",4,"[('11', 0), ('2', 3)]",5,2.895187807894679,6.0,17.371126847368075,4.0,11.580751231578716
AKVAFSAIRSTN,2.4960232612761164,0.16030694952614216,0.766990291262136,0.6304347826086956,"[('V', 2), ('S', 5), ('S', 9)]",6,"[('1', 0), ('1', 2), ('2', 5), ('22', 9)]",9,2.1103601184452843,0.2599509704337351,0.766990291262136,0.6304347826086956,"[('V', 2), ('S', 5)]",4,"[('1', 0), ('1', 2), ('2', 5), ('1', 7)]",8,2.3031916898607,8.5,19.57712936381595,5.0,11.5159584493035
SVAYERSVMQDY,2.577152893645509,0.13800483665648453,0.7766990291262137,0.7608695652173912,"[('E', 4), ('S', 6), ('Y', 11)]",6,"[('11', 1), ('5', 4), ('2', 6), ('2', 9), ('0', 11)]",11,1.5880756958562594,0.004096763907672905,0.7766990291262137,0.7608695652173912,"[('S', 6), ('DY', 10)]",5,"[('11', 1), ('21', 6), ('50', 10)]",9,2.082614294750884,10.0,20.826142947508842,5.5,11.454378621129862
SVAYERSAMQNY,2.182200539598022,0.13604040234545514,0.8640776699029127,0.8043478260869564,"[('E', 4), ('S', 6), ('Y', 11)]",6,"[('11', 1), ('5', 4), ('2', 6), ('220', 9)]",11,1.9786622943817622,0.06918413876883904,0.8640776699029127,0.8043478260869564,"[('SA', 6), ('Y', 11)]",5,"[('11', 1), ('21', 6), ('0', 11)]",8,2.0804314169898923,9.5,19.764098461403975,5.5,11.442372793444408
DMSGEGKGMWFG,4.1930009787874365,0.7553980675677805,0.5631067961165049,0.4347826086956521,"[('M', 1), ('E', 4)]",4,"[('1', 1), ('5', 4)]",4,3.3779020193653397,0.422568122307904,0.5631067961165049,0.4347826086956521,"[('M', 1)]",2,"[('1', 1)]",2,3.7854514990763883,3.0,11.356354497229166,3.0,11.356354497229166
FDEIDRSGYGFV,3.219100200478265,0.19250468147585448,0.766990291262136,0.6304347826086956,"[('S', 6), ('Y', 8)]",4,"[('5', 4), ('2', 6), ('0', 8)]",6,2.4400811805921134,0.3256725387704695,0.766990291262136,0.6304347826086956,"[('S', 6), ('Y', 8)]",4,"[('2', 6), ('0', 8)]",4,2.8295906905351895,5.0,14.147953452675948,4.0,11.318362762140758
EDLSAPEDRSLS,4.433547998332779,0.7163361140768796,0.6407766990291263,0.5434782608695652,"[('D', 7), ('S', 9)]",4,"[('12', 2), ('5', 7)]",5,3.097862438404492,0.5298316183344477,0.6407766990291263,0.5434782608695652,"[('A', 4)]",2,"[('121', 2)]",4,3.7657052183686357,4.5,16.94567348265886,3.0,11.297115655105907
ADQDLSPSISIV,4.374294533387455,0.6945144989903862,0.5048543689320389,0.4347826086956521,"[('S', 5), ('S', 9)]",4,"[('1', 0), ('2', 5), ('2', 9)]",6,3.1276361038482556,0.9348425401032675,0.5048543689320389,0.4347826086956521,"[('S', 5)]",2,"[('1', 0), ('12', 4)]",5,3.7509653186178555,5.5,20.630309252398206,3.0,11.252895955853568
APSGAQRLYGFG,4.237859047778436,0.49640929197000294,0.4271844660194175,0.3478260869565217,"[('Y', 8)]",2,"[('1', 0), ('2', 5), ('0', 8)]",6,3.225178655435219,0.3443533925135962,0.4271844660194175,0.3478260869565217,"[('A', 4), ('Y', 8)]",4,"[('1', 0), ('10', 7)]",5,3.731518851606827,5.5,20.52335368383755,3.0,11.194556554820482
SPVPEDDRGDNF,3.382106645976628,0.572470181534801,0.6310679611650486,0.6521739130434782,"[('V', 2), ('E', 4)]",4,"[('1', 2), ('5', 4), ('20', 10)]",7,2.2099041903957537,0.4266348420823967,0.6310679611650486,0.6521739130434782,"[('V', 2), ('D', 9)]",4,"[('1', 2), ('5', 9), ('0', 11)]",6,2.7960054181861906,6.5,18.17403521821024,4.0,11.184021672744763
LASARASGYMLN,3.5368028246660868,0.33219033354044264,0.7475728155339806,0.6956521739130435,"[('S', 6), ('Y', 8)]",4,"[('11', 0), ('2', 6), ('0', 8)]",7,2.05236096379311,0.11468664938519517,0.7475728155339806,0.6956521739130435,"[('S', 6), ('Y', 8)]",4,"[('11', 0), ('2', 6), ('0', 8)]",7,2.7945818942295984,7.0,19.56207325960719,4.0,11.178327576918393
SVPHFSDEDKDP,4.0743416003718504,0.4763241920130737,0.38834951456310685,0.4130434782608695,"[('S', 5)]",2,"[('1', 1), ('2', 5), ('5', 7)]",6,3.3416408686376826,0.698137813891536,0.38834951456310685,0.4130434782608695,"[('S', 5), ('D', 10)]",4,"[('1', 1), ('2', 5), ('5', 10)]",6,3.7079912345047665,6.0,22.247947407028597,3.0,11.123973703514299
GNSGANSGMWFG,4.331945535616637,0.7728697014264204,0.34951456310679613,0.23913043478260865,"[('S', 6)]",2,"[('22', 5)]",3,3.0027114046046766,0.5035840067152733,0.34951456310679613,0.23913043478260865,"[('A', 4), ('S', 6)]",4,"[('122', 4)]",4,3.667328470110657,3.5,12.8356496453873,3.0,11.00198541033197
LQPGGSPALTKI,4.675630005593101,0.6757403021659751,0.6407766990291263,0.49999999999999994,"[('S', 5)]",2,"[('1', 0), ('2', 5), ('2', 9)]",6,2.6257318788222843,0.9028192495164449,0.6407766990291263,0.49999999999999994,"[('S', 5), ('A', 7)]",4,"[('1', 0), ('2', 5), ('1', 7)]",6,3.6506809422076927,6.0,21.904085653246156,3.0,10.952042826623078
SAKVAFSATRST,2.254899838145395,0.08251883293755492,0.6310679611650486,0.4347826086956521,"[('S', 6), ('S', 10)]",4,"[('1', 1), ('2', 6), ('2', 10)]",6,2.596310114471773,0.07172107230554874,0.6310679611650486,0.4347826086956521,"[('A', 4), ('SA', 6)]",5,"[('1', 1), ('1', 4), ('21', 6)]",7,2.425604976308584,6.5,15.766432346005796,4.5,10.915222393388628
IDEIDRTAFDNF,2.726038787197723,0.45874308057991964,0.854368932038835,0.6956521739130435,"[('I', 0)]",2,"[('1', 0), ('5', 4), ('2', 6), ('0', 8), ('20', 10)]",11,2.6665367126278907,0.38437080972700044,0.854368932038835,0.6956521739130435,"[('I', 0), ('A', 7), ('D', 9)]",6,"[('1', 0), ('2105', 6)]",7,2.696287749912807,9.0,24.26658974921526,4.0,10.785150999651227
SVAFERSAMQNY,1.9649319157505578,0.2171387375733965,0.8349514563106797,0.8043478260869564,"[('E', 4), ('S', 6), ('Y', 11)]",6,"[('11', 1), ('5', 4), ('2', 6), ('220', 9)]",11,1.9467146502365293,0.1574324807423628,0.8349514563106797,0.8043478260869564,"[('SA', 6), ('Y', 11)]",5,"[('11', 1), ('21', 6), ('0', 11)]",8,1.9558232829935436,9.5,18.580321188438663,5.5,10.75702805646449
SFDASPSATSGN,3.5955437686891254,0.8189601542257575,0.7184466019417476,0.49999999999999994,"[('S', 6), ('S', 9)]",4,"[('2', 6), ('2', 9)]",4,2.5459763331458767,0.5025983169573772,0.7184466019417476,0.49999999999999994,"[('SA', 6)]",3,"[('21', 6)]",3,3.0707600509175013,3.5,10.747660178211255,3.5,10.747660178211255
SGGGEGSGMWFG,4.2530809599622605,0.6497404029462863,0.4854368932038835,0.3478260869565217,"[('E', 4), ('S', 6)]",4,"[('5', 4), ('2', 6)]",4,2.9115031379899183,0.6973523594413572,0.4854368932038835,0.3478260869565217,"[('S', 6)]",2,"[('2', 6)]",2,3.5822920489760897,3.0,10.746876146928269,3.0,10.746876146928269
CFFRDCSNMDWY,2.3450644920553043,0.5563428794750555,0.7378640776699029,0.717391304347826,"[('S', 6), ('Y', 11)]",4,"[('5', 4), ('2', 6), ('0', 11)]",6,1.9294007162794862,0.056731256119342086,0.7378640776699029,0.717391304347826,"[('S', 6), ('D', 9), ('Y', 11)]",6,"[('2', 6), ('5', 9), ('0', 11)]",6,2.1372326041673952,6.0,12.823395625004371,5.0,10.686163020836975
QPVVPVEAVDPM,3.4150539718423096,0.061983788354793255,0.47572815533980584,0.3913043478260869,"[('V', 2)]",2,"[('1', 2)]",2,1.8853254491733837,0.30621489831114507,0.47572815533980584,0.3913043478260869,"[('V', 2), ('A', 7), ('D', 9)]",6,"[('1', 2), ('1', 7), ('5', 9)]",6,2.6501897105078465,4.0,10.600758842031386,4.0,10.600758842031386
SMADISDMPEDV,2.4667124382805516,0.3888387627470901,0.5631067961165049,0.49999999999999994,"[('M', 1), ('S', 5)]",4,"[('11', 1), ('2', 5)]",5,1.7701785893832584,0.28052955361611076,0.5631067961165049,0.49999999999999994,"[('M', 1), ('S', 5), ('D', 10)]",6,"[('12', 4), ('55', 9)]",6,2.118445513831905,5.5,11.651450326075476,5.0,10.592227569159524
EDEDAASLFAFG,3.697555136657982,0.38781327195042586,0.4854368932038835,0.3695652173913043,"[('S', 6)]",2,"[('2', 6), ('0', 8)]",4,3.3495713912504264,0.5064770317291993,0.4854368932038835,0.3695652173913043,"[('A', 4), ('S', 6)]",4,"[('1', 4), ('210', 6)]",6,3.5235632639542045,5.0,17.617816319771023,3.0,10.570689791862613
KESRPLSSYPGS,2.4358875034577347,0.22810227388583637,0.6407766990291263,0.5217391304347826,"[('S', 6), ('Y', 8)]",4,"[('2', 6), ('0', 8)]",4,2.8021476710475928,0.42492597269104576,0.6407766990291263,0.5217391304347826,"[('S', 6), ('Y', 8)]",4,"[('2', 6), ('0', 8)]",4,2.6190175872526638,4.0,10.476070349010655,4.0,10.476070349010655
SGSGETSGMWFG,3.95942675332445,0.4125499286576032,0.49514563106796117,0.3913043478260869,"[('E', 4), ('S', 6)]",4,"[('522', 4)]",4,2.948940229579937,0.22019617144355175,0.49514563106796117,0.3913043478260869,"[('S', 6)]",2,"[('22', 5)]",3,3.4541834914521936,3.5,12.089642220082677,3.0,10.362550474356581
PFDRISNSAFSD,3.810958312554273,0.3816957475154369,0.5339805825242719,0.4130434782608695,"[('S', 5), ('S', 10)]",4,"[('22', 5)]",3,3.054548937791998,0.8058283332231027,0.5339805825242719,0.4130434782608695,"[('S', 5)]",2,"[('122', 4)]",4,3.4327536251731354,3.5,12.014637688105974,3.0,10.298260875519407
DLTPGSHVDSYV,3.6561771961733087,0.5487977074750734,0.5728155339805826,0.4565217391304347,"[('S', 5), ('S', 9)]",4,"[('1', 1), ('2', 5), ('2', 9)]",6,3.171543141456673,0.32956174452351594,0.5728155339805826,0.4565217391304347,"[('S', 5)]",2,"[('1', 1), ('2', 5), ('1', 7)]",6,3.413860168814991,6.0,20.483161012889944,3.0,10.241580506444972
SSEDLSAPEDRS,4.061441258523829,0.5436037245556663,0.4563106796116505,0.3695652173913043,"[('S', 5)]",2,"[('2', 5)]",2,2.746820318912756,0.8177524606283914,0.4563106796116505,0.3695652173913043,"[('S', 5), ('D', 9)]",4,"[('12', 4), ('5', 9)]",5,3.4041307887182928,3.5,11.914457760514026,3.0,10.212392366154878
AGDTSSEAKGMW,2.339525269671264,0.6130328832294474,0.6116504854368933,0.5652173913043478,"[('T', 3), ('S', 5)]",4,"[('1', 0), ('2', 3), ('2', 5), ('0', 11)]",8,1.7398913061039982,0.33220710169720696,0.6116504854368933,0.5652173913043478,"[('T', 3), ('S', 5), ('A', 7)]",6,"[('1', 0), ('2', 3), ('2', 5), ('1', 7), ('0', 11)]",10,2.039708287887631,9.0,18.35737459098868,5.0,10.198541439438156
DVSTIGDFFHSI,3.9230898860189733,0.5320488159996997,0.6407766990291263,0.5869565217391304,"[('T', 3), ('S', 10)]",4,"[('1', 1), ('2', 3), ('0', 8), ('2', 10)]",8,2.77431363921373,0.7324953995652191,0.6407766990291263,0.5869565217391304,"[('T', 3)]",2,"[('1', 1), ('21', 3), ('0', 8)]",7,3.3487017626163516,7.5,25.115263219622637,3.0,10.046105287849056
ASSGESSGMWFG,3.3307138211020946,0.1811496752895126,0.6019417475728156,0.5217391304347826,"[('ESS', 4)]",4,"[('1', 0), ('522', 4)]",6,2.403932614038877,0.19820215133412847,0.6019417475728156,0.5217391304347826,"[('SS', 5)]",3,"[('1', 0), ('22', 5)]",5,2.867323217570486,5.5,15.770277696637672,3.5,10.0356312614967
GFDDPRLFSSSY,3.7918526661216627,0.4414895562901658,0.5728155339805826,0.5434782608695652,"[('SSY', 9)]",4,"[('220', 9)]",4,2.832280396379337,0.7357590559987384,0.5728155339805826,0.5434782608695652,"[('Y', 11)]",2,"[('0', 11)]",2,3.3120665312504998,3.0,9.9361995937515,3.0,9.9361995937515
ISLMKRPPGFSP,4.35062398987517,0.7667381682403522,0.5436893203883496,0.5217391304347826,"[('I', 0), ('S', 10)]",4,"[('1', 0), ('1', 2), ('2', 10)]",6,2.2710718502667624,0.9641715800505118,0.5436893203883496,0.5217391304347826,"[('I', 0)]",2,"[('1', 0), ('1', 2)]",4,3.310847920070966,5.0,16.55423960035483,3.0,9.932543760212898
WMEEEEEAYGWM,1.8782658176124338,0.021933825385187893,0.7475728155339806,0.6956521739130435,"[('M', 1), ('E', 4), ('Y', 8)]",6,"[('1', 1), ('5', 4), ('0', 8)]",6,1.7150217380929933,0.08679377140141306,0.7475728155339806,0.6956521739130435,"[('M', 1), ('AY', 7)]",5,"[('1', 1), ('10', 7)]",5,1.7966437778527136,5.5,9.881540778189924,5.5,9.881540778189924
FDSLAGSGFDNG,2.9605615941717955,0.6168422003402045,0.5825242718446603,0.5217391304347826,"[('S', 6)]",2,"[('2', 6), ('0', 8), ('2', 10)]",6,1.9698029219244384,0.13735999330442578,0.5825242718446603,0.5217391304347826,"[('A', 4), ('S', 6), ('D', 9)]",6,"[('1', 4), ('2', 6), ('05', 8)]",7,2.465182258048117,6.5,16.02368467731276,4.0,9.860729032192468
RSVEGVSRMEKL,2.431278600043374,0.013478460488208978,0.5242718446601943,0.47826086956521735,"[('V', 2), ('S', 6)]",4,"[('1', 2), ('2', 6)]",4,2.4971677041476825,0.4224359216567713,0.5242718446601943,0.47826086956521735,"[('V', 2), ('S', 6)]",4,"[('1', 2), ('2', 6), ('5', 9)]",6,2.4642231520955282,5.0,12.32111576047764,4.0,9.856892608382113
APSDFSRDIMSF,2.780141128259324,0.6454835043358094,0.7087378640776699,0.6956521739130435,"[('S', 5), ('D', 7), ('S', 10)]",6,"[('1', 0), ('2', 5), ('5', 7), ('20', 10)]",9,2.096533133418935,0.4160348353348171,0.7087378640776699,0.6956521739130435,"[('S', 5)]",2,"[('1', 0), ('2', 5), ('0', 11)]",6,2.4383371308391295,7.5,18.28752848129347,4.0,9.753348523356518
IIFRPLFVYRQQ,2.500215762874622,0.3605102781304254,0.5728155339805826,0.5869565217391304,"[('I', 0), ('Y', 8)]",4,"[('11', 0), ('0', 8), ('2', 10)]",7,2.372429852069188,0.057681016457828846,0.5728155339805826,0.5869565217391304,"[('I', 0), ('Y', 8)]",4,"[('10', 7)]",3,2.436322807471905,5.0,12.181614037359525,4.0,9.74529122988762
STNWSSCPTSAW,3.2001560497002197,0.36446661015721604,0.5533980582524273,0.5652173913043478,"[('S', 5), ('S', 9)]",4,"[('2', 5), ('2', 9), ('0', 11)]",6,3.2949000193294844,0.033567316595658515,0.5533980582524273,0.5652173913043478,"[('S', 5)]",2,"[('2', 5), ('0', 11)]",4,3.2475280345148523,5.0,16.23764017257426,3.0,9.742584103544557
WRQCAFNAVSCF,3.803470468904107,0.32404907155287144,0.5533980582524273,0.4565217391304347,"[('S', 9)]",2,"[('2', 6), ('2', 9), ('0', 11)]",6,2.6432644626694732,0.7340780704222228,0.5533980582524273,0.4565217391304347,"[('A', 4), ('A', 7)]",4,"[('1', 4), ('21', 6), ('0', 11)]",7,3.22336746578679,6.5,20.951888527614138,3.0,9.67010239736037
PFDRISSSAFSD,3.454855841263908,0.41838574505564535,0.5922330097087379,0.47826086956521735,"[('SS', 5)]",3,"[('22', 5)]",3,2.9341218050010314,0.8553070411644289,0.5922330097087379,0.47826086956521735,"[('SS', 5)]",3,"[('122', 4)]",4,3.1944888231324695,3.5,11.180710880963643,3.0,9.583466469397408
EIVEEQYTPQSL,2.8051597900698586,0.804815071182526,0.6796116504854369,0.6521739130434782,"[('V', 2), ('E', 4), ('S', 10)]",6,"[('11', 1), ('22', 9)]",6,1.97764234201368,0.5896964248697543,0.6796116504854369,0.6521739130434782,"[('V', 2)]",2,"[('11', 1), ('2', 5)]",5,2.3914010660417695,5.5,13.152705863229732,4.0,9.565604264167078
FDSLAGSGFSGF,1.9785229835105478,0.7714408055759105,0.8155339805825244,0.717391304347826,"[('S', 6), ('S', 9)]",4,"[('2', 6), ('02', 8)]",5,2.797237146357394,0.35248142577426883,0.8155339805825244,0.717391304347826,"[('A', 4), ('S', 6)]",4,"[('1', 4), ('2', 6), ('0', 8), ('0', 11)]",8,2.387880064933971,6.5,15.521220422070812,4.0,9.551520259735884
GAVPAAQWFSPR,2.461013810426614,0.41997232163687787,0.6213592233009709,0.5434782608695652,"[('V', 2), ('S', 9)]",4,"[('11', 1), ('2', 6), ('02', 8)]",8,2.3062063042648773,0.17981178008673768,0.6213592233009709,0.5434782608695652,"[('V', 2), ('A', 4)]",4,"[('11', 1), ('2', 6), ('0', 8)]",7,2.383610057345746,7.5,17.877075430093093,4.0,9.534440229382984
RSVEGASRMEKL,1.9527382008605814,0.16681842163650654,0.5825242718446603,0.5434782608695652,"[('V', 2), ('S', 6)]",4,"[('1', 2), ('2', 6)]",4,2.803373773901847,0.25405172778435614,0.5825242718446603,0.5434782608695652,"[('V', 2), ('S', 6)]",4,"[('1', 2), ('2', 6), ('5', 9)]",6,2.3780559873812144,5.0,11.890279936906072,4.0,9.512223949524858
PYDRISNSAFSD,3.6356792206134783,0.33978363071990636,0.46601941747572817,0.3913043478260869,"[('S', 5), ('S', 10)]",4,"[('22', 5)]",3,2.701191664961145,0.7563020004822423,0.46601941747572817,0.3913043478260869,"[('S', 5)]",2,"[('122', 4)]",4,3.1684354427873114,3.5,11.089524049755589,3.0,9.505306328361934
PYDRISGSAFSD,3.6296835093800786,0.3407862459723189,0.44660194174757284,0.3695652173913043,"[('S', 5), ('S', 10)]",4,"[('2', 5), ('2', 10)]",4,2.7002410702278654,0.7581565945755133,0.44660194174757284,0.3695652173913043,"[('S', 5)]",2,"[('12', 4)]",3,3.164962289803972,3.5,11.077368014313901,3.0,9.494886869411916
ADVSTIGDFFHS,3.6814022517398555,0.3984065406069008,0.6796116504854369,0.6304347826086956,"[('V', 2), ('D', 7)]",4,"[('1', 0), ('12', 2), ('50', 7)]",8,2.60434199521416,0.18686781279189013,0.6796116504854369,0.6304347826086956,"[('V', 2)]",2,"[('1', 0), ('12', 2), ('0', 8)]",7,3.142872123477008,7.5,23.57154092607756,3.0,9.428616370431023
GFGDEMSMPGVL,3.8643466933702957,0.9348965399139157,0.46601941747572817,0.3913043478260869,"[('E', 4), ('S', 6)]",4,"[('5', 4), ('2', 6)]",4,2.4149323993542207,0.7302307198676604,0.46601941747572817,0.3913043478260869,"[('S', 6)]",2,"[('21', 6)]",3,3.1396395463622584,3.5,10.988738412267905,3.0,9.418918639086776
AGPAPSRLYSFG,2.3782009352731497,0.08878155110396409,0.6310679611650486,0.5434782608695652,"[('S', 5), ('YS', 8)]",5,"[('1', 0), ('2', 5), ('02', 8)]",7,1.7898053337087008,0.2228513997010642,0.6310679611650486,0.5434782608695652,"[('S', 5), ('Y', 8)]",4,"[('1', 0), ('2', 5), ('10', 7)]",7,2.084003134490925,7.0,14.588021941436477,4.5,9.378014105209163
YLFADVSTIGDF,3.3918006603989563,0.5824551384215241,0.7378640776699029,0.6956521739130435,"[('S', 6)]",2,"[('1', 1), ('5', 4), ('2', 6), ('0', 11)]",8,2.8362773217288115,0.7577309131739274,0.7378640776699029,0.6956521739130435,"[('S', 6), ('D', 10)]",4,"[('1', 1), ('2', 6), ('50', 10)]",7,3.114038991063884,7.5,23.35529243297913,3.0,9.342116973191652
ATGAASLYSFGL,3.4657980081067783,0.8848912891125796,0.49514563106796117,0.3260869565217391,"[('S', 5)]",2,"[('1', 0), ('2', 5)]",4,3.97720283189986,0.8730220111750944,0.49514563106796117,0.3260869565217391,"[('AS', 4)]",3,"[('1', 0), ('12', 4)]",5,3.721500420003319,4.5,16.746751890014934,2.5,9.303751050008298
PNDMLSQRYHFG,2.1231511231655467,0.1602238714466186,0.38834951456310685,0.3913043478260869,"[('S', 5), ('Y', 8)]",4,"[('22', 5), ('0', 8)]",5,2.524414001228419,0.316119450368411,0.38834951456310685,0.3913043478260869,"[('S', 5), ('Y', 8)]",4,"[('122', 4), ('0', 8)]",6,2.3237825621969828,5.5,12.780804092083406,4.0,9.295130248787931
SVPVEPEDDDMV,3.303018321148852,0.20376103729496214,0.6699029126213593,0.6304347826086956,"[('E', 4), ('D', 7)]",4,"[('1', 1), ('5', 4), ('5', 7)]",6,2.8856603535302034,0.13478943202410187,0.6699029126213593,0.6304347826086956,"[('D', 9)]",2,"[('1', 1), ('5', 9)]",4,3.0943393373395276,5.0,15.471696686697637,3.0,9.283018012018584
FIGVRKSARKWN,3.9313383555665187,0.4835900167954621,0.5728155339805826,0.4347826086956521,"[('S', 6)]",2,"[('1', 1), ('2', 6)]",4,3.4923623583734,0.8613418630002281,0.5728155339805826,0.4347826086956521,"[('SA', 6)]",3,"[('1', 1), ('21', 6)]",5,3.7118503569699595,4.5,16.70332660636482,2.5,9.2796258924249
SSPFWSLAPQRF,3.410605350984526,0.3865571407622903,0.33980582524271846,0.3478260869565217,"[('S', 5)]",2,"[('2', 5), ('2', 9), ('0', 11)]",6,2.7384184682466493,0.5277502958038957,0.33980582524271846,0.3478260869565217,"[('S', 5), ('A', 7)]",4,"[('2', 5), ('1', 7), ('0', 11)]",6,3.0745119096155875,6.0,18.447071457693525,3.0,9.223535728846763
TLTPGSHVDSYV,3.4039406631042533,0.4664108759683859,0.6213592233009709,0.49999999999999994,"[('S', 5), ('S', 9)]",4,"[('1', 1), ('2', 5), ('2', 9)]",6,2.742080021027708,0.22168996302945693,0.6213592233009709,0.49999999999999994,"[('S', 5)]",2,"[('1', 1), ('2', 5), ('1', 7)]",6,3.073010342065981,6.0,18.438062052395885,3.0,9.219031026197943
GFKTVGLATARG,2.6867363409426845,0.17779645040764366,0.4271844660194175,0.3260869565217391,"[('T', 3)]",2,"[('2', 3)]",2,3.4539859187795394,0.3496197484705452,0.4271844660194175,0.3260869565217391,"[('T', 3), ('A', 7)]",4,"[('21', 3)]",3,3.070361129861112,2.5,7.6759028246527805,3.0,9.211083389583337
