,Sequences,RRM_SN_grbp5,RRM_Corr_grbp5,PAM30_grbp5,BLOSUM45_grbp5,sseq_matches_grbp5,sseq_match_score_grbp5,num_matches_grbp5,num_match_score_grbp5,RRM_SN_m6,RRM_Corr_m6,PAM30_m6,BLOSUM45_m6,sseq_matches_m6,sseq_match_score_m6,num_matches_m6,num_match_score_m6,RRM_avg,num_score_avg,weighted_SN_num,sseq_score_avg,weighted_SN_sseq
226,LFADVSTIGDFF,3.9044697592274358,0.5351931625221433,0.6019417475728156,0.5652173913043478,"[('S', 5)]",2,"[('1', 0), ('1', 2), ('22', 5), ('0', 11)]",9,2.118314386340375,0.9171934232154368,0.6019417475728156,0.5652173913043478,"[('S', 5), ('D', 9)]",4,"[('1', 0), ('1', 2), ('1221', 4), ('5', 9), ('0', 11)]",13,3.0113920727839054,11.0,33.12531280062296,3.0,9.034176218351716
10,LNSLDGQGFGFE,5.163195553855672,0.8645463959040907,0.5631067961165049,0.5217391304347826,[],0,"[('1', 0), ('5', 4), ('2', 6), ('0', 8)]",8,4.073494291138042,0.8937578883496864,0.5631067961165049,0.5217391304347826,[],0,"[('1', 0), ('2', 6), ('0', 8)]",6,4.618344922496857,7.0,32.328414457478,0.0,0.0
37,ALNSLDGAGFGF,4.740056518996682,0.788555182338266,0.5145631067961166,0.4130434782608695,[],0,"[('11', 0), ('2', 3), ('0', 11)]",7,3.723010009194993,0.8228570428467483,0.5145631067961166,0.4130434782608695,"[('A', 7)]",2,"[('11', 0), ('21', 3), ('0', 11)]",8,4.231533264095837,7.5,31.73649948071878,1.0,4.231533264095837
472,VVLGKKQRFHSW,3.305033752424571,0.2927103697459316,0.6796116504854369,0.8043478260869564,"[('S', 10)]",2,"[('111', 0), ('2', 6), ('0', 8), ('20', 10)]",11,2.7323907652713264,0.25820652399556243,0.6796116504854369,0.8043478260869564,[],0,"[('111', 0), ('2', 6), ('0', 8), ('0', 11)]",10,3.0187122588479487,10.5,31.69647871790346,1.0,3.0187122588479487
45,ALNSLDGNGFGF,4.694718525611753,0.6600163154931022,0.5631067961165049,0.47826086956521735,[],0,"[('11', 0), ('2', 3), ('0', 11)]",7,3.721061426785958,0.7976148672710998,0.5631067961165049,0.47826086956521735,[],0,"[('11', 0), ('21', 3), ('0', 11)]",8,4.207889976198856,7.5,31.559174821491418,0.0,0.0
41,ALNSLDGQGFGF,4.7209613544200195,0.8858139242299444,0.5242718446601943,0.4565217391304347,[],0,"[('11', 0), ('2', 3), ('0', 11)]",7,3.673271465612024,0.8068126421086278,0.5242718446601943,0.4565217391304347,[],0,"[('11', 0), ('21', 3), ('0', 11)]",8,4.197116410016021,7.5,31.47837307512016,0.0,0.0
28,AGNSGANSGMWF,4.881135717565058,0.8016162339296788,0.5048543689320389,0.3695652173913043,[],0,"[('1', 0), ('2', 3), ('2', 6), ('0', 11)]",8,2.8891082800341272,0.6886589608147397,0.5048543689320389,0.3695652173913043,[],0,"[('1', 0), ('2', 3), ('2', 6), ('0', 11)]",8,3.885121998799592,8.0,31.080975990396738,0.0,0.0
24,AGGTGANSAMWF,4.906821085294569,0.6701555756746588,0.6601941747572816,0.47826086956521735,"[('T', 3)]",2,"[('1', 0), ('2', 3), ('2', 6), ('0', 11)]",8,2.77805420314021,0.5332303579379553,0.6601941747572816,0.47826086956521735,"[('T', 3)]",2,"[('1', 0), ('2', 3), ('2', 6), ('0', 11)]",8,3.842437644217389,8.0,30.739501153739113,2.0,7.684875288434778
17,ALADEHNDNFLR,5.037306227373275,0.6246853028241028,0.7184466019417476,0.6521739130434782,"[('E', 4), ('D', 7)]",4,"[('111', 0), ('5', 4), ('25', 6)]",9,3.109346659524156,0.5188381203647479,0.7184466019417476,0.6521739130434782,[],0,"[('111', 0), ('2', 6)]",6,4.073326443448716,7.5,30.54994832586537,2.0,8.146652886897432
184,LADEHNDNFLRF,4.013198807048984,0.7902891362251308,0.6699029126213593,0.6304347826086956,[],0,"[('11', 0), ('2', 5), ('0', 8), ('0', 11)]",9,2.7306075778596592,0.5308078149423003,0.6699029126213593,0.6304347826086956,[],0,"[('11', 0), ('2', 5), ('0', 8), ('0', 11)]",9,3.3719031924543215,9.0,30.347128732088894,0.0,0.0
