Name ,Sequences ,Database
Endothelin-1,727221156571007615110,NeuroPeida
Endothelin-2,727220156571007615110,NeuroPeida
Endothelin-1,727221156571007615110,NeuroPeida
Big endothelin-1,72722115657100761511012235611304142362,NeuroPeida
Endothelin-2,727220156571007615110,NeuroPeida
Endothelin-2,727220156571007615110,NeuroPeida
Endothelin-1,727221156571007615110,NeuroPeida
Endothelin-2,727220156571007615110,NeuroPeida
Endothelin-1,727221156571007615110,NeuroPeida
">NP01114
",727221156571007615110,NeuroPep
">NP01115
",727220156571007615110,NeuroPep
">NP01116
",727221156571007615110,NeuroPep
">NP01117
",727220156571007615110,NeuroPep
">NP01118
",727221156571007615110,NeuroPep
">NP01119
",727220156571007615110,NeuroPep
">NP01121
",727221156571007615110,NeuroPep
">NP01122
",727220156571007615110,NeuroPep
">NP01123
",727221156571007615110,NeuroPep
">NP01124
",727220156571007615110,NeuroPep
">NP01125
",72722115657100761511012235611304142362,NeuroPep
">NP01126
",727221156571007615110,NeuroPep
">NP01127
",727220156571007615110,NeuroPep
">NP01129
",727221156571007615110,NeuroPep
">NP01130
",727220156571007615110,NeuroPep
">NP01132
",727220156571007615110,NeuroPep
">NP01133
",727221156571007615110,NeuroPep
">NP01134
",727220156571007615110,NeuroPep
">NP01136
",727221156571007615110,NeuroPep
">NP01137
",727221156571007615110,NeuroPep
">NP01138
",727220156571007615110,NeuroPep
">NP01140
",727221156571007615110122356113,NeuroPep
">NP01141
",727221156571007615110,NeuroPep
